{
	"credit": "Made with Blockbench",
	"texture_size": [64, 64],
	"textures": {
		"0": "extended_equipment/shield/buckler/shield_buckler_base_nopattern"
	},
	"elements": [
		{
			"name": "shield",
			"from": [7, 8, 6],
			"to": [9, 14, 12],
			"faces": {
				"north": {"uv": [8, 1.5, 8.5, 3], "texture": "#0"},
				"east": {"uv": [6.5, 1.5, 8, 3], "texture": "#0"},
				"south": {"uv": [10, 1.5, 10.5, 3], "texture": "#0"},
				"west": {"uv": [8.5, 1.5, 10, 3], "texture": "#0"},
				"up": {"uv": [8.5, 1.5, 8, 0], "texture": "#0"},
				"down": {"uv": [9, 0, 8.5, 1.5], "texture": "#0"}
			}
		},
		{
			"name": "shield",
			"from": [3, 6, 5],
			"to": [13, 16, 6],
			"faces": {
				"north": {"uv": [0.25, 0.25, 2.75, 2.75], "texture": "#0"},
				"east": {"uv": [0, 0.25, 0.25, 2.75], "texture": "#0"},
				"south": {"uv": [3, 0.25, 5.5, 2.75], "texture": "#0"},
				"west": {"uv": [2.75, 0.25, 3, 2.75], "texture": "#0"},
				"up": {"uv": [2.75, 0.25, 0.25, 0], "texture": "#0"},
				"down": {"uv": [5.25, 0, 2.75, 0.25], "texture": "#0"}
			}
		}
	],
	"gui_light": "front",
	"display": {
		"thirdperson_righthand": {
			"rotation": [45, -45, 0],
			"translation": [2.75, -5.25, -1.25]
		},
		"thirdperson_lefthand": {
			"rotation": [45, -45, 0],
			"translation": [2.75, -5.25, -1.25]
		},
		"firstperson_righthand": {
			"rotation": [0, 0, 5],
			"translation": [-3, -12, -3],
			"scale": [1.75, 1.75, 1.75]
		},
		"firstperson_lefthand": {
			"rotation": [0, 0, 5],
			"translation": [-3, -12, -3],
			"scale": [1.75, 1.75, 1.75]
		},
		"ground": {
			"translation": [0, 1, 0],
			"scale": [0.25, 0.25, 0.25]
		},
		"gui": {
			"rotation": [10, 155, 5],
			"translation": [0.5, -2, 0],
			"scale": [0.75, 0.75, 0.75]
		},
		"head": {
			"translation": [0, -3, -5]
		},
		"fixed": {
			"translation": [0, -1.5, -0.5],
			"scale": [0.55, 0.55, 0.55]
		}
	},
	"groups": [
		{
			"name": "shield",
			"origin": [0, 11, 1],
			"color": 0,
			"children": [0, 1]
		}
	]
}