{
  "parent": "minecraft:item/handheld",
  "textures": {
    "layer0": "minecraft:item/golden_hoe"
  },
  "overrides": [
	{
	  "predicate": {
		"custom_model_data": 455049
      },
	  "model": "item/golden_mattock"
	},
	{
	  "predicate": {
		"custom_model_data": 455050
      },
	  "model": "item/golden_pitchfork"
	},
	{
	  "predicate": {
		"custom_model_data": 455051
      },
	  "model": "item/golden_sickle"
	},
	{
	  "predicate": {
		"custom_model_data": 455052
      },
	  "model": "item/golden_crook"
	},
	{
	  "predicate": {
		"custom_model_data": 455053
      },
	  "model": "item/golden_scythe"
	}
  ]
}