{"stats":{"minecraft:killed":{"minecraft:trader_llama":2,"minecraft:wandering_trader":1},"minecraft:picked_up":{"minecraft:repeater":8,"minecraft:leather":1,"minecraft:lead":2,"minecraft:redstone":25,"minecraft:arrow":1,"minecraft:lever":85,"minecraft:carved_pumpkin":1,"minecraft:redstone_torch":4},"minecraft:custom":{"minecraft:time_since_rest":528869,"minecraft:sprint_one_cm":37178,"minecraft:walk_one_cm":255310,"minecraft:mob_kills":3,"minecraft:damage_dealt":720,"minecraft:talked_to_villager":1,"minecraft:fly_one_cm":1593920,"minecraft:crouch_one_cm":33496,"minecraft:play_time":528869,"minecraft:sneak_time":30675,"minecraft:jump":871,"minecraft:leave_game":12,"minecraft:time_since_death":528869,"minecraft:total_world_time":556389,"minecraft:climb_one_cm":7797},"minecraft:used":{"minecraft:redstone_torch":43,"minecraft:deepslate_tiles":297,"minecraft:sticky_piston":640,"minecraft:glass":3,"minecraft:netherite_sword":8,"minecraft:piston":40,"minecraft:netherite_block":3,"minecraft:lever":209,"minecraft:honey_block":298,"minecraft:polished_deepslate":348,"minecraft:birch_planks":318,"minecraft:red_wool":17,"minecraft:carved_pumpkin":3,"minecraft:iron_block":757,"minecraft:grass_block":24,"minecraft:string":9,"minecraft:redstone":1036,"minecraft:polished_andesite":322,"minecraft:slime_block":494,"minecraft:stone_button":2,"minecraft:stone":7,"minecraft:sculk":8,"minecraft:redstone_block":85,"minecraft:grass":1,"minecraft:structure_block":4,"minecraft:stone_brick_stairs":1,"minecraft:polished_andesite_slab":1,"minecraft:waxed_copper_block":45,"minecraft:waxed_exposed_copper":8,"minecraft:reinforced_deepslate":13,"minecraft:repeater":277,"minecraft:dirt":10,"minecraft:target":27,"minecraft:comparator":17,"minecraft:cracked_deepslate_tiles":40,"minecraft:gold_block":5,"minecraft:deepslate_brick_slab":4,"minecraft:waxed_cut_copper_stairs":6,"minecraft:observer":449,"minecraft:obsidian":319}},"DataVersion":3105}