{"stats":{"minecraft:dropped":{"minecraft:arrow":1},"minecraft:used":{"minecraft:dead_fire_coral_fan":3,"minecraft:deepslate_tiles":9,"minecraft:stone_brick_slab":29,"minecraft:oak_trapdoor":6,"minecraft:crimson_button":1,"minecraft:chiseled_polished_blackstone":2,"minecraft:piston":3,"minecraft:netherite_block":1,"minecraft:mossy_stone_bricks":20,"minecraft:waxed_exposed_cut_copper":1,"minecraft:waxed_exposed_cut_copper_stairs":7,"minecraft:dead_bush":7,"minecraft:lodestone":2,"minecraft:orange_concrete":1,"minecraft:wither_skeleton_skull":1,"minecraft:waxed_cut_copper":5,"minecraft:cracked_deepslate_bricks":39,"minecraft:iron_block":157,"minecraft:grass_block":3,"minecraft:rooted_dirt":11,"minecraft:redstone":2,"minecraft:string":36,"minecraft:dead_brain_coral":5,"minecraft:mangrove_button":3,"minecraft:copper_block":9,"minecraft:blackstone":8,"minecraft:dark_oak_wood":31,"minecraft:mossy_stone_brick_stairs":30,"minecraft:mossy_cobblestone_slab":1,"minecraft:redstone_block":3,"minecraft:sculk":40,"minecraft:grass":8,"minecraft:mossy_stone_brick_slab":13,"minecraft:stone_brick_stairs":43,"minecraft:stone_bricks":44,"minecraft:deepslate_bricks":205,"minecraft:waxed_copper_block":126,"minecraft:cracked_stone_bricks":15,"minecraft:oak_leaves":319,"minecraft:light_gray_shulker_box":3,"minecraft:exposed_cut_copper_stairs":9,"minecraft:waxed_exposed_copper":47,"minecraft:respawn_anchor":7,"minecraft:reinforced_deepslate":6,"minecraft:dirt":168,"minecraft:vine":23,"minecraft:bow":10,"minecraft:target":1,"minecraft:magma_block":1,"minecraft:mangrove_trapdoor":1,"minecraft:oak_slab":7,"minecraft:scaffolding":24,"minecraft:blast_furnace":1,"minecraft:cracked_deepslate_tiles":11,"minecraft:deepslate_brick_slab":13,"minecraft:waxed_cut_copper_stairs":43,"minecraft:stone_brick_wall":11,"minecraft:pearlescent_froglight":1,"minecraft:jungle_trapdoor":1,"minecraft:coarse_dirt":32,"minecraft:dragon_head":1,"minecraft:bone_meal":7,"minecraft:mossy_stone_brick_wall":10,"minecraft:sculk_vein":20,"minecraft:dead_brain_coral_fan":1,"minecraft:red_sandstone_wall":5,"minecraft:fern":7,"minecraft:deepslate_brick_stairs":86,"minecraft:cobweb":19,"minecraft:lightning_rod":6,"minecraft:azalea":3},"minecraft:custom":{"minecraft:time_since_rest":88387,"minecraft:sprint_one_cm":2100,"minecraft:walk_one_cm":37570,"minecraft:drop":1,"minecraft:damage_dealt":10,"minecraft:fly_one_cm":503746,"minecraft:target_hit":9,"minecraft:crouch_one_cm":1472,"minecraft:play_time":88387,"minecraft:sneak_time":4024,"minecraft:jump":97,"minecraft:leave_game":1,"minecraft:time_since_death":88387,"minecraft:climb_one_cm":1437,"minecraft:total_world_time":94890},"minecraft:picked_up":{"minecraft:scaffolding":6,"minecraft:arrow":1,"minecraft:wheat_seeds":3,"minecraft:mangrove_button":1}},"DataVersion":3105}